latitude_lora,longitude_lora,latitude_gtw,longitude_gtw,distancia_real,intervalo_tempo,horario_receb,rssi,snr
51.886138916015625,-8.534711837768555,51.892567,-8.508705,1929.2267555817948,0 days 00:00:00.061696,2023-12-19 12:41:33,-115.0,-2.5
51.886146545410156,-8.534475326538086,51.892567,-8.508705,1913.8069544989394,0 days 00:00:00.061696,2023-12-19 12:41:21,-115.0,0.5
51.88617706298828,-8.533717155456543,51.892567,-8.508705,1864.2207597479114,0 days 00:00:00.061696,2023-12-19 12:41:01,-117.0,-0.5
51.88617706298828,-8.533300399780273,51.892567,-8.508705,1837.7498605913438,0 days 00:00:00.061696,2023-12-19 12:40:34,-115.0,3.0
51.88618469238281,-8.533100128173828,51.892567,-8.508705,1824.7225182381753,0 days 00:00:00.061696,2023-12-19 12:40:19,-116.0,3.0
51.88621520996094,-8.53285026550293,51.892567,-8.508705,1807.5705839177822,0 days 00:00:00.066816,2023-12-19 12:40:12,-107.0,-5.0
51.88638687133789,-8.532691955566406,51.892567,-8.508705,1790.126068825569,0 days 00:00:00.061696,2023-12-19 12:39:53,-118.0,1.5
51.886444091796875,-8.532532691955566,51.892567,-8.508705,1777.5650642107578,0 days 00:00:00.061696,2023-12-19 12:39:38,-109.0,-8.5
51.886470794677734,-8.532342910766602,51.892567,-8.508705,1764.3693329249165,0 days 00:00:00.061696,2023-12-19 12:39:23,-121.0,0.5
51.886470794677734,-8.532279968261719,51.892567,-8.508705,1760.3731386063562,0 days 00:00:00.061696,2023-12-19 12:39:08,-119.0,2.5
51.8864631652832,-8.532405853271484,51.892567,-8.508705,1768.6930255619063,0 days 00:00:00.061696,2023-12-19 12:38:56,-116.0,3.8
51.88642883300781,-8.532500267028809,51.892567,-8.508705,1776.1574804528648,0 days 00:00:00.061696,2023-12-19 12:38:44,-113.0,3.0
51.88652038574219,-8.532312393188477,51.892567,-8.508705,1760.314541311013,0 days 00:00:00.061696,2023-12-19 12:38:23,-112.0,5.8
51.886512756347656,-8.532256126403809,51.892567,-8.508705,1757.0639009874917,0 days 00:00:00.061696,2023-12-19 12:38:17,-109.0,1.2
51.886497497558594,-8.532197952270508,51.892567,-8.508705,1754.0218753993142,0 days 00:00:00.061696,2023-12-19 12:37:57,-111.0,3.2
51.886478424072266,-8.532151222229004,51.892567,-8.508705,1751.875534199713,0 days 00:00:00.061696,2023-12-19 12:37:45,-115.0,1.0
51.88648986816406,-8.532137870788574,51.892567,-8.508705,1750.5361752035851,0 days 00:00:00.061696,2023-12-19 12:37:33,-118.0,1.0
51.88648986816406,-8.532137870788574,51.892567,-8.508705,1750.5361752035851,0 days 00:00:00.061696,2023-12-19 12:37:18,-112.0,-2.0
51.88648986816406,-8.532140731811523,51.892567,-8.508705,1750.717705468988,0 days 00:00:00.061696,2023-12-19 12:37:13,-111.0,-6.5
51.88648223876953,-8.532143592834473,51.892567,-8.508705,1751.2273683320004,0 days 00:00:00.066816,2023-12-19 12:36:46,-118.0,4.2
51.886474609375,-8.532136917114258,51.892567,-8.508705,1751.1324329958259,0 days 00:00:00.061696,2023-12-19 12:36:21,-116.0,-5.0
51.88648223876953,-8.532144546508789,51.892567,-8.508705,1751.2878689476638,0 days 00:00:00.061696,2023-12-19 12:36:02,-115.0,3.0
51.886497497558594,-8.532148361206055,51.892567,-8.508705,1750.8740799618174,0 days 00:00:00.061696,2023-12-19 12:35:43,-119.0,-0.8
51.886497497558594,-8.532139778137207,51.892567,-8.508705,1750.329370600051,0 days 00:00:00.061696,2023-12-19 12:35:21,-119.0,-0.8
51.886497497558594,-8.532146453857422,51.892567,-8.508705,1750.7530308476955,0 days 00:00:00.061696,2023-12-19 12:35:15,-117.0,-0.8
51.886497497558594,-8.53214168548584,51.892567,-8.508705,1750.4504145346184,0 days 00:00:00.061696,2023-12-19 12:34:54,-116.0,-0.5
51.88650894165039,-8.53216552734375,51.892567,-8.508705,1751.472966712198,0 days 00:00:00.061696,2023-12-19 12:34:25,-117.0,3.5
51.886512756347656,-8.53218936920166,51.892567,-8.508705,1752.8235702048803,0 days 00:00:00.061696,2023-12-19 12:34:05,-112.0,3.8
51.886505126953125,-8.532156944274902,51.892567,-8.508705,1751.0915487956036,0 days 00:00:00.061696,2023-12-19 12:33:45,-118.0,-7.2
51.88650131225586,-8.532135963439941,51.892567,-8.508705,1749.9234837080453,0 days 00:00:00.061696,2023-12-19 12:33:17,-117.0,3.5
51.88652038574219,-8.532105445861816,51.892567,-8.508705,1747.1682405167637,0 days 00:00:00.061696,2023-12-19 12:32:55,-107.0,-3.8
51.88650131225586,-8.53214168548584,51.892567,-8.508705,1750.2866450201723,0 days 00:00:00.061696,2023-12-19 12:32:05,-121.0,-0.5
51.88652038574219,-8.532154083251953,51.892567,-8.508705,1750.2563745074751,0 days 00:00:00.061696,2023-12-19 12:31:54,-117.0,-1.0
51.88650131225586,-8.5321626663208,51.892567,-8.508705,1751.6183503377274,0 days 00:00:00.061696,2023-12-19 12:31:28,-115.0,4.0
51.88650894165039,-8.532159805297852,51.892567,-8.508705,1751.109682219396,0 days 00:00:00.061696,2023-12-19 12:31:05,-109.0,6.5
51.88650894165039,-8.53215217590332,51.892567,-8.508705,1750.6253235247102,0 days 00:00:00.061696,2023-12-19 12:30:51,-116.0,4.2
51.88651657104492,-8.532151222229004,51.892567,-8.508705,1750.2379678038294,0 days 00:00:00.061696,2023-12-19 12:30:22,-117.0,2.8
51.886505126953125,-8.531998634338379,51.892567,-8.508705,1741.047093521203,0 days 00:00:00.061696,2023-12-19 12:29:48,-115.0,5.0
51.88645553588867,-8.531875610351562,51.892567,-8.508705,1735.404023703726,0 days 00:00:00.061696,2023-12-19 12:29:40,-112.0,-5.8
51.88617706298828,-8.531866073608398,51.892567,-8.508705,1747.182541102202,0 days 00:00:00.061696,2023-12-19 12:29:34,-113.0,-5.5
51.885372161865234,-8.53134822845459,51.892567,-8.508705,1753.7469922718994,0 days 00:00:00.061696,2023-12-19 12:28:51,-109.0,0.8
51.885162353515625,-8.531217575073242,51.892567,-8.508705,1756.5863678879134,0 days 00:00:00.066816,2023-12-19 12:28:38,-112.0,-2.5
51.88483810424805,-8.531585693359375,51.892567,-8.508705,1795.9868963674057,0 days 00:00:00.061696,2023-12-19 12:28:33,-118.0,6.2
51.883968353271484,-8.531840324401855,51.892567,-8.508705,1859.2913041791867,0 days 00:00:00.061696,2023-12-19 12:27:59,-111.0,-2.8
51.8829345703125,-8.531722068786621,51.892567,-8.508705,1914.281959328077,0 days 00:00:00.061696,2023-12-19 12:27:38,-105.0,-2.0
51.88188934326172,-8.530625343322754,51.892567,-8.508705,1921.904751795955,0 days 00:00:00.061696,2023-12-19 12:26:54,-115.0,-7.0
51.87789535522461,-8.529932975769043,51.892567,-8.508705,2192.1893327091684,0 days 00:00:00.061696,2023-12-19 12:24:30,-123.0,-7.2
51.87668228149414,-8.532875061035156,51.892567,-8.508705,2428.551380113695,0 days 00:00:00.061696,2023-12-19 12:16:28,-113.0,3.0
51.87681198120117,-8.53331184387207,51.892567,-8.508705,2438.863604343543,0 days 00:00:00.061696,2023-12-19 12:16:13,-118.0,-2.0
51.877323150634766,-8.533406257629395,51.892567,-8.508705,2402.899373280616,0 days 00:00:00.061696,2023-12-19 12:15:31,-118.0,-7.0
51.87739181518555,-8.533230781555176,51.892567,-8.508705,2388.9559658467033,0 days 00:00:00.061696,2023-12-19 12:14:56,-110.0,-8.0
51.87741470336914,-8.533177375793457,51.892567,-8.508705,2384.5565526642404,0 days 00:00:00.061696,2023-12-19 12:14:50,-113.0,0.5
51.87748336791992,-8.533156394958496,51.892567,-8.508705,2378.1372799650203,0 days 00:00:00.061696,2023-12-19 12:14:13,-113.0,3.2
51.87740707397461,-8.533248901367188,51.892567,-8.508705,2388.638631936249,0 days 00:00:00.061696,2023-12-19 12:13:24,-107.0,-8.5
51.877410888671875,-8.533184051513672,51.892567,-8.508705,2385.18149688476,0 days 00:00:00.061696,2023-12-19 12:12:48,-114.0,-2.2
51.87788391113281,-8.531888961791992,51.892567,-8.508705,2285.1002682874923,0 days 00:00:00.061696,2023-12-19 12:11:51,-118.0,0.2
51.879695892333984,-8.535590171813965,51.892567,-8.508705,2341.3657405430768,0 days 00:00:00.061696,2023-12-19 12:09:47,-119.0,1.0
51.87939453125,-8.536707878112793,51.892567,-8.508705,2422.811015838635,0 days 00:00:00.061696,2023-12-19 12:09:20,-122.0,-3.8
51.88106918334961,-8.534110069274902,51.892567,-8.508705,2168.1094539682767,0 days 00:00:00.061696,2023-12-19 12:05:49,-118.0,-2.8
51.88147735595703,-8.534870147705078,51.892567,-8.508705,2184.5698871086915,0 days 00:00:00.061696,2023-12-19 12:03:48,-123.0,-8.5
51.88656234741211,-8.54102611541748,51.892567,-8.508705,2324.308537471082,0 days 00:00:00.061696,2023-12-19 11:58:20,-123.0,-9.0
51.88766098022461,-8.541033744812012,51.892567,-8.508705,2292.647161857835,0 days 00:00:00.061696,2023-12-19 11:57:21,-110.0,-3.5
51.88804626464844,-8.539340019226074,51.892567,-8.508705,2169.2771719537222,0 days 00:00:00.061696,2023-12-19 11:54:49,-121.0,-6.2
51.887451171875,-8.539265632629395,51.892567,-8.508705,2180.6514336891496,0 days 00:00:00.061696,2023-12-19 11:53:21,-121.0,-7.5
51.889095306396484,-8.538192749023438,51.892567,-8.508705,2067.591818895276,0 days 00:00:00.061696,2023-12-19 11:50:12,-119.0,-3.0
51.88934326171875,-8.538098335266113,51.892567,-8.508705,2056.213053770025,0 days 00:00:00.061696,2023-12-19 11:50:00,-121.0,-5.0
51.88950729370117,-8.538269996643066,51.892567,-8.508705,2064.7532711031313,0 days 00:00:00.061696,2023-12-19 11:48:56,-116.0,-3.8
51.8900146484375,-8.538705825805664,51.892567,-8.508705,2085.89323711433,0 days 00:00:00.061696,2023-12-19 11:47:18,-121.0,-9.0
51.89106369018555,-8.540903091430664,51.892567,-8.508705,2223.9390522303975,0 days 00:00:00.061696,2023-12-19 11:41:39,-119.0,-1.0
51.89333724975586,-8.539462089538574,51.892567,-8.508705,2120.1632655330686,0 days 00:00:00.061696,2023-12-19 11:40:26,-118.0,-6.8
51.894630432128906,-8.538933753967285,51.892567,-8.508705,2094.667724046037,0 days 00:00:00.061696,2023-12-19 11:39:42,-100.0,-6.0
51.89545440673828,-8.538443565368652,51.892567,-8.508705,2073.343444851476,0 days 00:00:00.061696,2023-12-19 11:39:15,-103.0,5.2
51.895721435546875,-8.538284301757812,51.892567,-8.508705,2067.348995986318,0 days 00:00:00.061696,2023-12-19 11:38:48,-109.0,7.5
51.89572525024414,-8.538146018981934,51.892567,-8.508705,2058.045892659669,0 days 00:00:00.061696,2023-12-19 11:38:33,-113.0,1.2
51.89567184448242,-8.537386894226074,51.892567,-8.508705,2005.572977153783,0 days 00:00:00.061696,2023-12-19 11:38:28,-107.0,-0.5
51.8956298828125,-8.536787986755371,51.892567,-8.508705,1964.1825887811096,0 days 00:00:00.061696,2023-12-19 11:38:08,-113.0,-0.8
51.89558792114258,-8.535526275634766,51.892567,-8.508705,1877.9174336465148,0 days 00:00:00.061696,2023-12-19 11:37:48,-118.0,-1.2
51.89527893066406,-8.532923698425293,51.892567,-8.508705,1695.630619544898,0 days 00:00:00.061696,2023-12-19 11:37:05,-107.0,-4.0
51.89509963989258,-8.531316757202148,51.892567,-8.508705,1583.3211766318946,0 days 00:00:00.061696,2023-12-19 11:36:43,-115.0,-1.5
51.895057678222656,-8.531022071838379,51.892567,-8.508705,1562.5475776806584,0 days 00:00:00.061696,2023-12-19 11:36:27,-117.0,3.0
51.89506149291992,-8.531004905700684,51.892567,-8.508705,1561.4610325744743,0 days 00:00:00.061696,2023-12-19 11:36:03,-113.0,4.8
51.895057678222656,-8.530996322631836,51.892567,-8.508705,1560.8047832019301,0 days 00:00:00.061696,2023-12-19 11:35:45,-107.0,1.2
51.895076751708984,-8.531012535095215,51.892567,-8.508705,1562.2797092023102,0 days 00:00:00.061696,2023-12-19 11:34:21,-115.0,2.5
51.89507293701172,-8.530980110168457,51.892567,-8.508705,1560.0097997018152,0 days 00:00:00.061696,2023-12-19 11:34:06,-116.0,-2.2
51.895076751708984,-8.530858039855957,51.892567,-8.508705,1551.8266535144678,0 days 00:00:00.061696,2023-12-19 11:33:47,-109.0,-2.2
51.895103454589844,-8.530858039855957,51.892567,-8.508705,1552.3636056844844,0 days 00:00:00.061696,2023-12-19 11:33:41,-110.0,2.8
51.8951530456543,-8.530856132507324,51.892567,-8.508705,1553.2464812483443,0 days 00:00:00.061696,2023-12-19 11:33:32,-110.0,-2.5
51.895179748535156,-8.530941009521484,51.892567,-8.508705,1559.5338292079543,0 days 00:00:00.061696,2023-12-19 11:32:59,-118.0,4.2
51.89515686035156,-8.53091812133789,51.892567,-8.508705,1557.5145298755533,0 days 00:00:00.061696,2023-12-19 11:32:31,-113.0,6.8
51.89516067504883,-8.530879974365234,51.892567,-8.508705,1555.0150206538783,0 days 00:00:00.061696,2023-12-19 11:32:16,-114.0,-0.5
51.895145416259766,-8.530879974365234,51.892567,-8.508705,1554.7010895276758,0 days 00:00:00.061696,2023-12-19 11:32:10,-107.0,9.2
51.895145416259766,-8.530877113342285,51.892567,-8.508705,1554.5077046868316,0 days 00:00:00.066816,2023-12-19 11:31:50,-113.0,6.2
51.8951530456543,-8.530867576599121,51.892567,-8.508705,1554.019921447484,0 days 00:00:00.061696,2023-12-19 11:31:38,-115.0,3.8
51.8951530456543,-8.530858039855957,51.892567,-8.508705,1553.3753869448217,0 days 00:00:00.061696,2023-12-19 11:31:28,-115.0,2.5
51.8951530456543,-8.530828475952148,51.892567,-8.508705,1551.3773938235577,0 days 00:00:00.061696,2023-12-19 11:31:19,-117.0,3.5
51.8951301574707,-8.530806541442871,51.892567,-8.508705,1549.4246881405566,0 days 00:00:00.061696,2023-12-19 11:31:01,-117.0,0.5
51.895145416259766,-8.530708312988281,51.892567,-8.508705,1543.0995970150834,0 days 00:00:00.061696,2023-12-19 11:30:12,-111.0,4.5
51.895301818847656,-8.530640602111816,51.892567,-8.508705,1541.8615646552041,0 days 00:00:00.061696,2023-12-19 11:29:59,-113.0,6.5
51.89546585083008,-8.530548095703125,51.892567,-8.508705,1539.3431287813203,0 days 00:00:00.061696,2023-12-19 11:29:53,-106.0,2.0
51.895633697509766,-8.530243873596191,51.892567,-8.508705,1522.9647164767127,0 days 00:00:00.071936,2023-12-19 11:29:46,-106.0,6.0
51.89560317993164,-8.530033111572266,51.892567,-8.508705,1508.078985860522,0 days 00:00:00.061696,2023-12-19 11:29:40,-109.0,6.5
51.895450592041016,-8.52910041809082,51.892567,-8.508705,1441.7728818436822,0 days 00:00:00.061696,2023-12-19 11:29:19,-101.0,-6.2
51.895416259765625,-8.528928756713867,51.892567,-8.508705,1429.4160787199846,0 days 00:00:00.061696,2023-12-19 11:29:13,-118.0,0.2
51.89529037475586,-8.528199195861816,51.892567,-8.508705,1377.4002138865173,0 days 00:00:00.061696,2023-12-19 11:28:58,-104.0,6.8
51.8952751159668,-8.527735710144043,51.892567,-8.508705,1345.9524394871967,0 days 00:00:00.061696,2023-12-19 11:28:46,-105.0,8.2
51.8951530456543,-8.526545524597168,51.892567,-8.508705,1263.181674068369,0 days 00:00:00.061696,2023-12-19 11:28:25,-119.0,7.2
51.89509582519531,-8.525668144226074,51.892567,-8.508705,1203.0362819095294,0 days 00:00:00.061696,2023-12-19 11:28:20,-100.0,7.8
51.89506530761719,-8.525090217590332,51.892567,-8.508705,1163.6424035476366,0 days 00:00:00.061696,2023-12-19 11:28:08,-104.0,4.0
51.89503479003906,-8.524504661560059,51.892567,-8.508705,1123.7779143288442,0 days 00:00:00.061696,2023-12-19 11:27:50,-107.0,9.8
51.895042419433594,-8.524195671081543,51.892567,-8.508705,1103.4150899099045,0 days 00:00:00.061696,2023-12-19 11:27:44,-111.0,6.0
51.89497756958008,-8.523411750793457,51.892567,-8.508705,1049.485712418461,0 days 00:00:00.061696,2023-12-19 11:27:37,-110.0,9.2
51.89495849609375,-8.522968292236328,51.892567,-8.508705,1019.5119684482531,0 days 00:00:00.061696,2023-12-19 11:27:19,-106.0,9.8
51.89496612548828,-8.52293872833252,51.892567,-8.508705,1017.774256433395,0 days 00:00:00.061696,2023-12-19 11:27:13,-99.0,-0.2
51.89496612548828,-8.522939682006836,51.892567,-8.508705,1017.8374620919978,0 days 00:00:00.061696,2023-12-19 11:27:04,-104.0,7.0
51.894981384277344,-8.522809982299805,51.892567,-8.508705,1009.6945803668909,0 days 00:00:00.061696,2023-12-19 11:26:11,-99.0,9.0
51.89503860473633,-8.522695541381836,51.892567,-8.508705,1003.8455643189608,0 days 00:00:00.061696,2023-12-19 11:25:57,-101.0,10.2
51.89506912231445,-8.522632598876953,51.892567,-8.508705,1000.6282275304937,0 days 00:00:00.061696,2023-12-19 11:25:51,-105.0,10.5
51.8951530456543,-8.52219009399414,51.892567,-8.508705,974.1952832460042,0 days 00:00:00.061696,2023-12-19 11:25:40,-106.0,-6.2
51.89521789550781,-8.52185344696045,51.892567,-8.508705,954.3424039645766,0 days 00:00:00.061696,2023-12-19 11:25:33,-95.0,7.8
51.895301818847656,-8.521005630493164,51.892567,-8.508705,902.2830376355074,0 days 00:00:00.061696,2023-12-19 11:25:25,-106.0,10.0
51.895225524902344,-8.520177841186523,51.892567,-8.508705,846.0267931510093,0 days 00:00:00.061696,2023-12-19 11:25:12,-116.0,8.0
51.89497756958008,-8.519159317016602,51.892567,-8.508705,770.9516013077713,0 days 00:00:00.061696,2023-12-19 11:24:44,-101.0,-3.8
51.89470672607422,-8.518168449401855,51.892567,-8.508705,696.8379736948825,0 days 00:00:00.066816,2023-12-19 11:24:23,-98.0,-7.2
51.89458465576172,-8.517742156982422,51.892567,-8.508705,664.7753360426968,0 days 00:00:00.061696,2023-12-19 11:24:11,-115.0,1.8
51.894283294677734,-8.516621589660645,51.892567,-8.508705,581.3483135874776,0 days 00:00:00.061696,2023-12-19 11:23:52,-106.0,8.8
51.89402389526367,-8.515507698059082,51.892567,-8.508705,500.0763521782533,0 days 00:00:00.061696,2023-12-19 11:23:32,-109.0,6.2
51.893959045410156,-8.515262603759766,51.892567,-8.508705,481.9450560060471,0 days 00:00:00.061696,2023-12-19 11:23:26,-116.0,7.2
51.89392852783203,-8.514586448669434,51.892567,-8.508705,437.46018481561174,0 days 00:00:00.061696,2023-12-19 11:23:16,-104.0,6.5
51.893890380859375,-8.513303756713867,51.892567,-8.508705,355.5223529118875,0 days 00:00:00.061696,2023-12-19 11:22:53,-111.0,4.2
51.89396667480469,-8.512138366699219,51.892567,-8.508705,290.8731575582481,0 days 00:00:00.066816,2023-12-19 11:22:40,-101.0,8.8
51.89402389526367,-8.51160717010498,51.892567,-8.508705,265.8601349951365,0 days 00:00:00.061696,2023-12-19 11:22:27,-104.0,7.0
51.894081115722656,-8.5109224319458,51.892567,-8.508705,237.00812602975645,0 days 00:00:00.061696,2023-12-19 11:22:12,-94.0,7.8
51.89402389526367,-8.510075569152832,51.892567,-8.508705,199.16892229430027,0 days 00:00:00.061696,2023-12-19 11:21:59,-106.0,1.8
51.89396667480469,-8.508885383605957,51.892567,-8.508705,169.99022674870153,0 days 00:00:00.061696,2023-12-19 11:21:36,-117.0,4.8
51.893951416015625,-8.507741928100586,51.892567,-8.508705,180.5882512245857,0 days 00:00:00.061696,2023-12-19 11:21:19,-110.0,6.2
51.89391326904297,-8.506792068481445,51.892567,-8.508705,210.40165879670397,0 days 00:00:00.061696,2023-12-19 11:20:57,-109.0,8.2
51.89385223388672,-8.506367683410645,51.892567,-8.508705,225.45208717757956,0 days 00:00:00.061696,2023-12-19 11:20:45,-99.0,6.2
51.89362335205078,-8.505623817443848,51.892567,-8.508705,251.58610835120925,0 days 00:00:00.061696,2023-12-19 11:20:26,-93.0,9.8
51.893707275390625,-8.505576133728027,51.892567,-8.508705,258.8069927177508,0 days 00:00:00.061696,2023-12-19 11:20:20,-89.0,9.5
51.893890380859375,-8.505583763122559,51.892567,-8.508705,268.96022896554206,0 days 00:00:00.061696,2023-12-19 11:20:10,-101.0,6.2
51.893985748291016,-8.505914688110352,51.892567,-8.508705,257.4994440583826,0 days 00:00:00.061696,2023-12-19 11:20:03,-98.0,3.8
51.89399337768555,-8.505974769592285,51.892567,-8.508705,254.95647579548344,0 days 00:00:00.061696,2023-12-19 11:19:49,-93.0,8.5
51.89402770996094,-8.505827903747559,51.892567,-8.508705,264.82571141391645,0 days 00:00:00.061696,2023-12-19 11:19:18,-92.0,9.5
51.89393615722656,-8.505549430847168,51.892567,-8.508705,273.6543670488299,0 days 00:00:00.066816,2023-12-19 11:18:58,-99.0,8.0
51.8939323425293,-8.505448341369629,51.892567,-8.508705,278.9794179411263,0 days 00:00:00.061696,2023-12-19 11:18:50,-91.0,9.5
51.89397048950195,-8.505298614501953,51.892567,-8.508705,289.5945308123538,0 days 00:00:00.061696,2023-12-19 11:18:43,-89.0,9.5
51.894264221191406,-8.505045890808105,51.892567,-8.508705,321.8729907004945,0 days 00:00:00.061696,2023-12-19 11:18:31,-95.0,5.5
51.89461135864258,-8.504846572875977,51.892567,-8.508705,356.0649711063909,0 days 00:00:00.061696,2023-12-19 11:18:25,-105.0,9.5
51.89475631713867,-8.504548072814941,51.892567,-8.508705,381.7305969116052,0 days 00:00:00.061696,2023-12-19 11:18:12,-94.0,9.8
51.894775390625,-8.504450798034668,51.892567,-8.508705,388.11605476996573,0 days 00:00:00.061696,2023-12-19 11:18:06,-89.0,8.0
51.89481735229492,-8.504289627075195,51.892567,-8.508705,399.4646452973733,0 days 00:00:00.061696,2023-12-19 11:17:57,-99.0,7.0
51.894920349121094,-8.504010200500488,51.892567,-8.508705,421.314269961589,0 days 00:00:00.061696,2023-12-19 11:17:41,-105.0,8.5
51.895198822021484,-8.503260612487793,51.892567,-8.508705,480.32143909416084,0 days 00:00:00.061696,2023-12-19 11:17:16,-94.0,8.8
51.89530563354492,-8.503031730651855,51.892567,-8.508705,499.868752676031,0 days 00:00:00.061696,2023-12-19 11:17:10,-100.0,9.8
51.89545440673828,-8.502640724182129,51.892567,-8.508705,531.0175127471784,0 days 00:00:00.061696,2023-12-19 11:17:00,-103.0,9.0
51.895511627197266,-8.502252578735352,51.892567,-8.508705,555.9981728296323,0 days 00:00:00.061696,2023-12-19 11:16:48,-91.0,6.8
51.89561462402344,-8.501654624938965,51.892567,-8.508705,595.8495370966876,0 days 00:00:00.061696,2023-12-19 11:16:36,-103.0,10.5
51.89580535888672,-8.500859260559082,51.892567,-8.508705,652.7056788886046,0 days 00:00:00.066816,2023-12-19 11:16:28,-105.0,6.5
51.89598083496094,-8.500337600708008,51.892567,-8.508705,693.2208555761775,0 days 00:00:00.061696,2023-12-19 11:16:09,-95.0,10.0
51.89609146118164,-8.500044822692871,51.892567,-8.508705,716.7157609309012,0 days 00:00:00.061696,2023-12-19 11:16:03,-99.0,7.8
51.89617919921875,-8.499529838562012,51.892567,-8.508705,751.6374342085629,0 days 00:00:00.061696,2023-12-19 11:15:53,-118.0,8.8
51.8962516784668,-8.49898910522461,51.892567,-8.508705,787.3457530423852,0 days 00:00:00.061696,2023-12-19 11:15:38,-97.0,8.2
51.896270751953125,-8.498872756958008,51.892567,-8.508705,795.2583382535289,0 days 00:00:00.061696,2023-12-19 11:15:28,-106.0,5.0
51.89629364013672,-8.49882984161377,51.892567,-8.508705,799.0925676327632,0 days 00:00:00.061696,2023-12-19 11:14:32,-103.0,9.5
51.89630126953125,-8.498771667480469,51.892567,-8.508705,802.9410604570519,0 days 00:00:00.061696,2023-12-19 11:14:16,-101.0,8.2
51.89634323120117,-8.498124122619629,51.892567,-8.508705,843.5436988392021,0 days 00:00:00.061696,2023-12-19 11:13:49,-112.0,6.5
51.89628219604492,-8.498082160949707,51.892567,-8.508705,842.6876300751601,0 days 00:00:00.061696,2023-12-19 11:13:35,-113.0,7.5
51.89608383178711,-8.497835159301758,51.892567,-8.508705,847.0668577300486,0 days 00:00:00.061696,2023-12-19 11:13:24,-112.0,9.2
51.896141052246094,-8.49764347076416,51.892567,-8.508705,861.6651839415815,0 days 00:00:00.061696,2023-12-19 11:13:11,-97.0,8.8
51.89618682861328,-8.497028350830078,51.892567,-8.508705,901.5677966253038,0 days 00:00:00.061696,2023-12-19 11:12:58,-99.0,-0.5
51.89629364013672,-8.496692657470703,51.892567,-8.508705,927.4815338516341,0 days 00:00:00.061696,2023-12-19 11:12:46,-111.0,6.0
51.89632797241211,-8.496685028076172,51.892567,-8.508705,929.6627544794744,0 days 00:00:00.066816,2023-12-19 11:12:40,-105.0,9.0
51.896331787109375,-8.496674537658691,51.892567,-8.508705,930.4965348358589,0 days 00:00:00.066816,2023-12-19 11:12:27,-106.0,1.5
51.896324157714844,-8.496651649475098,51.892567,-8.508705,931.5179464531726,0 days 00:00:00.061696,2023-12-19 11:12:16,-105.0,-2.8
51.89631652832031,-8.496658325195312,51.892567,-8.508705,930.7278703207098,0 days 00:00:00.061696,2023-12-19 11:12:08,-107.0,8.2
51.89631652832031,-8.496670722961426,51.892567,-8.508705,929.9675153482422,0 days 00:00:00.061696,2023-12-19 11:11:53,-99.0,9.5
51.89633560180664,-8.496720314025879,51.892567,-8.508705,927.8846667398177,0 days 00:00:00.061696,2023-12-19 11:10:59,-101.0,10.8
51.896385192871094,-8.496749877929688,51.892567,-8.508705,928.5865964055046,0 days 00:00:00.061696,2023-12-19 11:10:41,-103.0,4.0
51.896480560302734,-8.496736526489258,51.892567,-8.508705,934.2985401728504,0 days 00:00:00.061696,2023-12-19 11:10:32,-99.0,8.8
51.89649200439453,-8.496676445007324,51.892567,-8.508705,938.5395586338744,0 days 00:00:00.061696,2023-12-19 11:10:23,-92.0,8.0
51.89653015136719,-8.496322631835938,51.892567,-8.508705,962.0343731034767,0 days 00:00:00.061696,2023-12-19 11:10:10,-99.0,9.0
51.89649963378906,-8.495784759521484,51.892567,-8.508705,993.4894291127508,0 days 00:00:00.061696,2023-12-19 11:10:01,-111.0,5.2
51.89620590209961,-8.495319366455078,51.892567,-8.508705,1008.7167060342266,0 days 00:00:00.061696,2023-12-19 11:09:49,-103.0,9.8
51.89606475830078,-8.49517822265625,51.892567,-8.508705,1011.4556540062202,0 days 00:00:00.061696,2023-12-19 11:09:42,-95.0,10.2
51.89593505859375,-8.495031356811523,51.892567,-8.508705,1015.3579576223252,0 days 00:00:00.061696,2023-12-19 11:09:29,-103.0,4.0
51.895843505859375,-8.49511432647705,51.892567,-8.508705,1006.3312254842542,0 days 00:00:00.061696,2023-12-19 11:09:22,-115.0,3.0
51.89588928222656,-8.495058059692383,51.892567,-8.508705,1011.7825743602758,0 days 00:00:00.061696,2023-12-19 11:09:02,-108.0,7.5
51.89586639404297,-8.494974136352539,51.892567,-8.508705,1016.2265715576971,0 days 00:00:00.061696,2023-12-19 11:08:34,-109.0,7.4
51.89592742919922,-8.494810104370117,51.892567,-8.508705,1029.1850623399037,0 days 00:00:00.061696,2023-12-19 11:08:25,-115.0,5.0
51.89596939086914,-8.49459457397461,51.892567,-8.508705,1044.6713540388307,0 days 00:00:00.061696,2023-12-19 11:08:09,-106.0,5.8
51.8960075378418,-8.494403839111328,51.892567,-8.508705,1058.4184200656662,0 days 00:00:00.066816,2023-12-19 11:07:58,-111.0,2.2
51.896060943603516,-8.494161605834961,51.892567,-8.508705,1076.0782514225707,0 days 00:00:00.061696,2023-12-19 11:07:48,-101.0,6.2
51.89596939086914,-8.493917465209961,51.892567,-8.508705,1088.147357978553,0 days 00:00:00.061696,2023-12-19 11:07:36,-106.0,10.8
51.89588165283203,-8.49384593963623,51.892567,-8.508705,1089.41245075137,0 days 00:00:00.061696,2023-12-19 11:07:29,-100.0,9.0
51.8957633972168,-8.493701934814453,51.892567,-8.508705,1094.3805550154755,0 days 00:00:00.061696,2023-12-19 11:07:16,-106.0,8.5
51.89564895629883,-8.493556022644043,51.892567,-8.508705,1099.8298419329922,0 days 00:00:00.061696,2023-12-19 11:07:10,-101.0,8.0
51.89559555053711,-8.493535995483398,51.892567,-8.508705,1099.3017514062951,0 days 00:00:00.061696,2023-12-19 11:07:03,-107.0,4.5
51.89562225341797,-8.493429183959961,51.892567,-8.508705,1107.1970220297426,0 days 00:00:00.061696,2023-12-19 11:06:45,-107.0,5.0
51.89556121826172,-8.493321418762207,51.892567,-8.508705,1112.1929849647747,0 days 00:00:00.061696,2023-12-19 11:06:36,-100.0,6.8
51.8955192565918,-8.493338584899902,51.892567,-8.508705,1109.677287206656,0 days 00:00:00.061696,2023-12-19 11:06:26,-103.0,9.8
51.89550018310547,-8.493342399597168,51.892567,-8.508705,1108.800667989197,0 days 00:00:00.061696,2023-12-19 11:06:19,-100.0,-6.0
51.89550018310547,-8.493453025817871,51.892567,-8.508705,1101.5394470599074,0 days 00:00:00.061696,2023-12-19 11:06:09,-117.0,-6.5
51.895511627197266,-8.493475914001465,51.892567,-8.508705,1100.4160433677969,0 days 00:00:00.061696,2023-12-19 11:05:02,-117.0,5.2
51.89554214477539,-8.49341106414795,51.892567,-8.508705,1105.6815070080804,0 days 00:00:00.061696,2023-12-19 11:04:52,-109.0,1.2
51.895572662353516,-8.493428230285645,51.892567,-8.508705,1105.5783672702632,0 days 00:00:00.061696,2023-12-19 11:04:22,-107.0,7.8
51.89552688598633,-8.493475914001465,51.892567,-8.508705,1100.9225582869135,0 days 00:00:00.061696,2023-12-19 11:03:26,-117.0,4.0
51.895530700683594,-8.493499755859375,51.892567,-8.508705,1099.4869250907734,0 days 00:00:00.066816,2023-12-19 11:02:26,-111.0,6.0
51.895503997802734,-8.49349308013916,51.892567,-8.508705,1099.0376534165669,0 days 00:00:00.066816,2023-12-19 11:01:22,-116.0,4.5
51.895511627197266,-8.49350357055664,51.892567,-8.508705,1098.6023625071682,0 days 00:00:00.061696,2023-12-19 10:59:52,-117.0,2.5
51.895530700683594,-8.493483543395996,51.892567,-8.508705,1100.5494916869297,0 days 00:00:00.061696,2023-12-19 10:59:32,-113.0,0.8
51.895572662353516,-8.49338436126709,51.892567,-8.508705,1108.4514018895927,0 days 00:00:00.061696,2023-12-19 10:59:25,-102.0,2.8
51.895565032958984,-8.493408203125,51.892567,-8.508705,1106.6337782956446,0 days 00:00:00.061696,2023-12-19 10:59:06,-117.0,-1.0
51.895530700683594,-8.493439674377441,51.892567,-8.508705,1103.425201509318,0 days 00:00:00.061696,2023-12-19 10:58:56,-105.0,9.5
51.895530700683594,-8.493449211120605,51.892567,-8.508705,1102.799981606687,0 days 00:00:00.061696,2023-12-19 10:58:36,-109.0,4.0
51.8955078125,-8.493464469909668,51.892567,-8.508705,1101.0404513708188,0 days 00:00:00.061696,2023-12-19 10:57:37,-115.0,5.0
51.89552307128906,-8.493559837341309,51.892567,-8.508705,1095.2949767323328,0 days 00:00:00.061696,2023-12-19 10:57:04,-115.0,-4.0
51.89544677734375,-8.493940353393555,51.892567,-8.508705,1067.8136549640055,0 days 00:00:00.061696,2023-12-19 10:56:50,-101.0,4.8
51.89541244506836,-8.494039535522461,51.892567,-8.508705,1060.170094112204,0 days 00:00:00.061696,2023-12-19 10:56:37,-100.0,3.0
51.89535140991211,-8.494295120239258,51.892567,-8.508705,1041.3893220734897,0 days 00:00:00.061696,2023-12-19 10:56:31,-108.0,8.0
51.895301818847656,-8.494763374328613,51.892567,-8.508705,1009.0545605633118,0 days 00:00:00.061696,2023-12-19 10:56:06,-106.0,-0.8
51.8952522277832,-8.495125770568848,51.892567,-8.508705,983.6668945618688,0 days 00:00:00.066816,2023-12-19 10:55:54,-101.0,8.5
51.89519119262695,-8.495429039001465,51.892567,-8.508705,961.7660828541333,0 days 00:00:00.061696,2023-12-19 10:55:48,-111.0,-1.2
51.895145416259766,-8.495670318603516,51.892567,-8.508705,944.4375634864668,0 days 00:00:00.061696,2023-12-19 10:55:30,-109.0,1.2
51.89510726928711,-8.495906829833984,51.892567,-8.508705,927.6807265566961,0 days 00:00:00.061696,2023-12-19 10:55:22,-107.0,6.2
51.895042419433594,-8.496272087097168,51.892567,-8.508705,901.6052292598372,0 days 00:00:00.061696,2023-12-19 10:55:14,-101.0,10.5
51.89503860473633,-8.496478080749512,51.892567,-8.508705,888.0233039957243,0 days 00:00:00.061696,2023-12-19 10:54:55,-112.0,7.5
51.89507293701172,-8.496536254882812,51.892567,-8.508705,885.4235688471346,0 days 00:00:00.061696,2023-12-19 10:54:49,-99.0,7.5
51.895057678222656,-8.496432304382324,51.892567,-8.508705,891.667894228397,0 days 00:00:00.061696,2023-12-19 10:54:35,-85.0,9.8
51.89506912231445,-8.496346473693848,51.892567,-8.508705,897.6623015782791,0 days 00:00:00.061696,2023-12-19 10:54:29,-103.0,7.0
51.8951416015625,-8.496021270751953,51.892567,-8.508705,921.3822297273113,0 days 00:00:00.061696,2023-12-19 10:54:15,-94.0,11.2
51.895240783691406,-8.495396614074707,51.892567,-8.508705,965.5727205710194,0 days 00:00:00.061696,2023-12-19 10:53:57,-95.0,9.2
51.89527130126953,-8.495269775390625,51.892567,-8.508705,974.9036821555101,0 days 00:00:00.061696,2023-12-19 10:53:43,-92.0,8.8
51.895328521728516,-8.49501895904541,51.892567,-8.508705,993.2495536224959,0 days 00:00:00.061696,2023-12-19 10:53:33,-94.0,9.5
51.895389556884766,-8.494649887084961,51.892567,-8.508705,1019.4521521987524,0 days 00:00:00.061696,2023-12-19 10:53:24,-92.0,9.8
51.89542770385742,-8.494396209716797,51.892567,-8.508705,1037.3350573854334,0 days 00:00:00.061696,2023-12-19 10:53:07,-95.0,9.5
51.89543533325195,-8.494150161743164,51.892567,-8.508705,1053.6889009991473,0 days 00:00:00.066816,2023-12-19 10:52:58,-99.0,9.0
51.89545822143555,-8.493927001953125,51.892567,-8.508705,1069.0708958316584,0 days 00:00:00.061696,2023-12-19 10:52:45,-105.0,0.8
51.895572662353516,-8.493670463562012,51.892567,-8.508705,1089.7285242015348,0 days 00:00:00.061696,2023-12-19 10:52:32,-100.0,10.2
51.895694732666016,-8.493207931518555,51.892567,-8.508705,1124.1426924703806,0 days 00:00:00.061696,2023-12-19 10:52:19,-115.0,6.2
51.895721435546875,-8.493086814880371,51.892567,-8.508705,1132.9748003919349,0 days 00:00:00.061696,2023-12-19 10:52:10,-103.0,9.5
51.89575958251953,-8.492880821228027,51.892567,-8.508705,1147.746503122539,0 days 00:00:00.061696,2023-12-19 10:52:01,-99.0,7.2
51.895782470703125,-8.49264907836914,51.892567,-8.508705,1163.6787740658351,0 days 00:00:00.061696,2023-12-19 10:51:50,-106.0,9.0
51.895809173583984,-8.492491722106934,51.892567,-8.508705,1174.8810352537898,0 days 00:00:00.061696,2023-12-19 10:51:38,-112.0,6.2
51.89585876464844,-8.49231243133545,51.892567,-8.508705,1188.300827144766,0 days 00:00:00.061696,2023-12-19 10:51:32,-100.0,10.0
51.89591979980469,-8.492010116577148,51.892567,-8.508705,1210.1571543637822,0 days 00:00:00.061696,2023-12-19 10:51:20,-113.0,6.2
51.89595031738281,-8.491890907287598,51.892567,-8.508705,1218.9972688751877,0 days 00:00:00.061696,2023-12-19 10:51:13,-113.0,8.0
51.89598083496094,-8.491758346557617,51.892567,-8.508705,1228.710580723679,0 days 00:00:00.061696,2023-12-19 10:51:07,-101.0,-6.8
51.89600372314453,-8.491545677185059,51.892567,-8.508705,1243.3996914230202,0 days 00:00:00.061696,2023-12-19 10:50:57,-111.0,2.2
51.89607620239258,-8.491328239440918,51.892567,-8.508705,1260.1029875435725,0 days 00:00:00.061696,2023-12-19 10:50:51,-107.0,8.2
51.89611053466797,-8.491044044494629,51.892567,-8.508705,1279.8608450696686,0 days 00:00:00.061696,2023-12-19 10:50:38,-106.0,2.5
51.89616012573242,-8.490824699401855,51.892567,-8.508705,1295.9039334196889,0 days 00:00:00.061696,2023-12-19 10:50:24,-109.0,5.2
51.89616394042969,-8.490717887878418,51.892567,-8.508705,1303.0200874027887,0 days 00:00:00.061696,2023-12-19 10:50:18,-117.0,6.5
51.89619445800781,-8.490500450134277,51.892567,-8.508705,1318.2875415643182,0 days 00:00:00.066816,2023-12-19 10:50:09,-99.0,10.2
51.89634704589844,-8.490023612976074,51.892567,-8.508705,1354.7028013496135,0 days 00:00:00.061696,2023-12-19 10:49:42,-110.0,5.0
51.8963737487793,-8.489909172058105,51.892567,-8.508705,1363.1035845327897,0 days 00:00:00.061696,2023-12-19 10:49:36,-105.0,8.5
51.89639663696289,-8.489771842956543,51.892567,-8.508705,1372.868433041142,0 days 00:00:00.061696,2023-12-19 10:49:29,-109.0,9.0
51.89653778076172,-8.489676475524902,51.892567,-8.508705,1384.0334563274685,0 days 00:00:00.061696,2023-12-19 10:49:17,-104.0,8.8
51.89662551879883,-8.489729881286621,51.892567,-8.508705,1383.7082966338253,0 days 00:00:00.061696,2023-12-19 10:49:11,-91.0,8.8
51.89677429199219,-8.489777565002441,51.892567,-8.508705,1386.1105409998756,0 days 00:00:00.061696,2023-12-19 10:49:03,-100.0,8.8
51.89698791503906,-8.48989486694336,51.892567,-8.508705,1386.7717119806405,0 days 00:00:00.061696,2023-12-19 10:48:44,-99.0,5.8
51.897151947021484,-8.490072250366211,51.892567,-8.508705,1382.0073170927026,0 days 00:00:00.061696,2023-12-19 10:48:30,-105.0,7.8
51.897247314453125,-8.490236282348633,51.892567,-8.508705,1375.514599494914,0 days 00:00:00.061696,2023-12-19 10:48:17,-99.0,10.2
51.89753723144531,-8.490555763244629,51.892567,-8.508705,1367.929156442723,0 days 00:00:00.061696,2023-12-19 10:47:59,-99.0,8.5
51.89763641357422,-8.490735054016113,51.892567,-8.508705,1361.200544036273,0 days 00:00:00.066816,2023-12-19 10:47:46,-105.0,8.8
51.897804260253906,-8.490845680236816,51.892567,-8.508705,1362.1656440880272,0 days 00:00:00.061696,2023-12-19 10:47:41,-97.0,7.2
51.8979606628418,-8.490839958190918,51.892567,-8.508705,1370.0521568577246,0 days 00:00:00.061696,2023-12-19 10:47:22,-105.0,8.8
51.89801788330078,-8.490850448608398,51.892567,-8.508705,1372.205339209762,0 days 00:00:00.061696,2023-12-19 10:47:15,-103.0,7.8
51.898231506347656,-8.490870475769043,51.892567,-8.508705,1381.647453137103,0 days 00:00:00.061696,2023-12-19 10:47:03,-83.0,10.0
51.898292541503906,-8.490860939025879,51.892567,-8.508705,1385.3398471307096,0 days 00:00:00.061696,2023-12-19 10:46:57,-85.0,9.8
51.89836883544922,-8.490793228149414,51.892567,-8.508705,1393.3859146682819,0 days 00:00:00.061696,2023-12-19 10:46:46,-94.0,7.8
51.89838409423828,-8.490674018859863,51.892567,-8.508705,1401.435832298475,0 days 00:00:00.061696,2023-12-19 10:46:39,-87.0,8.5
51.89839553833008,-8.490362167358398,51.892567,-8.508705,1421.0642155863884,0 days 00:00:00.061696,2023-12-19 10:46:33,-100.0,10.2
51.8984375,-8.490180015563965,51.892567,-8.508705,1434.3367967517656,0 days 00:00:00.061696,2023-12-19 10:46:20,-87.0,9.2
51.89847183227539,-8.48995304107666,51.892567,-8.508705,1449.9720522567695,0 days 00:00:00.061696,2023-12-19 10:45:20,-104.0,9.2
51.89849090576172,-8.489729881286621,51.892567,-8.508705,1464.6182957489082,0 days 00:00:00.061696,2023-12-19 10:45:02,-86.0,9.5
51.89845657348633,-8.489442825317383,51.892567,-8.508705,1480.5740189222659,0 days 00:00:00.061696,2023-12-19 10:44:56,-97.0,10.8
51.898433685302734,-8.489180564880371,51.892567,-8.508705,1495.650871990568,0 days 00:00:00.061696,2023-12-19 10:44:43,-97.0,9.0
51.898414611816406,-8.489069938659668,51.892567,-8.508705,1501.5772843054795,0 days 00:00:00.061696,2023-12-19 10:44:37,-103.0,6.0
51.89839553833008,-8.488834381103516,51.892567,-8.508705,1515.2805816554862,0 days 00:00:00.061696,2023-12-19 10:44:31,-107.0,8.5
51.89833068847656,-8.488595008850098,51.892567,-8.508705,1527.1284625173087,0 days 00:00:00.066816,2023-12-19 10:44:16,-107.0,7.5
51.89833068847656,-8.488341331481934,51.892567,-8.508705,1542.9757973832989,0 days 00:00:00.061696,2023-12-19 10:44:06,-99.0,9.5
51.89833450317383,-8.488104820251465,51.892567,-8.508705,1557.9565952089972,0 days 00:00:00.061696,2023-12-19 10:43:55,-111.0,5.2
51.898353576660156,-8.487847328186035,51.892567,-8.508705,1574.973525610716,0 days 00:00:00.061696,2023-12-19 10:43:44,-118.0,-0.5
51.89834976196289,-8.487492561340332,51.892567,-8.508705,1597.0974286469793,0 days 00:00:00.061696,2023-12-19 10:43:30,-123.0,-6.5
51.898353576660156,-8.48713493347168,51.892567,-8.508705,1619.805176222018,0 days 00:00:00.061696,2023-12-19 10:43:21,-103.0,6.0
51.89833068847656,-8.486889839172363,51.892567,-8.508705,1634.2843882160573,0 days 00:00:00.061696,2023-12-19 10:43:03,-116.0,5.0
51.89834213256836,-8.486647605895996,51.892567,-8.508705,1650.1149127456629,0 days 00:00:00.061696,2023-12-19 10:42:55,-115.0,-0.5
51.89836883544922,-8.48624038696289,51.892567,-8.508705,1677.0860776758427,0 days 00:00:00.061696,2023-12-19 10:42:34,-116.0,-2.0
51.898433685302734,-8.485894203186035,51.892567,-8.508705,1701.8383920159883,0 days 00:00:00.061696,2023-12-19 10:42:29,-112.0,-3.2
51.89845657348633,-8.485786437988281,51.892567,-8.508705,1709.6596293015846,0 days 00:00:00.061696,2023-12-19 10:42:13,-116.0,2.0
51.89854049682617,-8.4854097366333,51.892567,-8.508705,1737.1674532666434,0 days 00:00:00.061696,2023-12-19 10:41:53,-113.0,-0.5
51.89869689941406,-8.485010147094727,51.892567,-8.508705,1769.2238564347003,0 days 00:00:00.061696,2023-12-19 10:41:27,-109.0,2.8
51.8988037109375,-8.484868049621582,51.892567,-8.508705,1782.8361341176255,0 days 00:00:00.061696,2023-12-19 10:41:13,-105.0,2.2
51.89889144897461,-8.484701156616211,51.892567,-8.508705,1797.2138622700318,0 days 00:00:00.061696,2023-12-19 10:40:59,-117.0,-5.25
51.898902893066406,-8.48468017578125,51.892567,-8.508705,1799.0402043761696,0 days 00:00:00.061696,2023-12-19 10:40:50,-111.0,-6.0
51.898990631103516,-8.484543800354004,51.892567,-8.508705,1811.50179969515,0 days 00:00:00.061696,2023-12-19 10:40:36,-117.0,-9.0
51.8990592956543,-8.48437786102295,51.892567,-8.508705,1825.0044211341428,0 days 00:00:00.061696,2023-12-19 10:40:23,-117.0,5.2
51.89919662475586,-8.484206199645996,51.892567,-8.508705,1841.9169385543812,0 days 00:00:00.061696,2023-12-19 10:40:09,-113.0,-4.2
51.89945983886719,-8.484029769897461,51.892567,-8.508705,1864.8903316315655,0 days 00:00:00.061696,2023-12-19 10:39:48,-118.0,4.5
51.89954376220703,-8.484006881713867,51.892567,-8.508705,1870.1806134402948,0 days 00:00:00.066816,2023-12-19 10:39:42,-112.0,1.0
51.89970016479492,-8.484007835388184,51.892567,-8.508705,1877.4085328954104,0 days 00:00:00.061696,2023-12-19 10:39:36,-113.0,1.2
51.89982223510742,-8.483969688415527,51.892567,-8.508705,1885.559472758362,0 days 00:00:00.061696,2023-12-19 10:39:21,-115.0,-0.8
51.89992904663086,-8.483914375305176,51.892567,-8.508705,1894.1059189564771,0 days 00:00:00.061696,2023-12-19 10:39:15,-110.0,3.2
51.90022277832031,-8.483805656433105,51.892567,-8.508705,1915.1572448843992,0 days 00:00:00.061696,2023-12-19 10:38:57,-111.0,3.8
51.900367736816406,-8.483634948730469,51.892567,-8.508705,1932.8671758618675,0 days 00:00:00.061696,2023-12-19 10:38:30,-121.0,-4.8
51.90037536621094,-8.483321189880371,51.892567,-8.508705,1952.5522979617654,0 days 00:00:00.061696,2023-12-19 10:38:09,-119.0,2.8
51.90036392211914,-8.48331356048584,51.892567,-8.508705,1952.456383058664,0 days 00:00:00.061696,2023-12-19 10:37:50,-118.0,1.0
51.90038299560547,-8.4833345413208,51.892567,-8.508705,1952.1077686696735,0 days 00:00:00.061696,2023-12-19 10:37:44,-116.0,2.5
51.900428771972656,-8.483367919921875,51.892567,-8.508705,1952.3284519269266,0 days 00:00:00.061696,2023-12-19 10:37:36,-112.0,5.0
51.90047073364258,-8.483375549316406,51.892567,-8.508705,1953.9554329573762,0 days 00:00:00.061696,2023-12-19 10:37:23,-123.0,-5.5
51.90055465698242,-8.483296394348145,51.892567,-8.508705,1963.027549319308,0 days 00:00:00.061696,2023-12-19 10:37:14,-116.0,4.0
51.90060806274414,-8.48306655883789,51.892567,-8.508705,1979.8141925625653,0 days 00:00:00.061696,2023-12-19 10:37:07,-107.0,4.5
51.90062713623047,-8.482887268066406,51.892567,-8.508705,1991.7780204384208,0 days 00:00:00.061696,2023-12-19 10:36:55,-101.0,6.8
51.90079879760742,-8.482383728027344,51.892567,-8.508705,2031.3032607657763,0 days 00:00:00.061696,2023-12-19 10:36:35,-100.0,-1.8
51.9008903503418,-8.48204231262207,51.892567,-8.508705,2056.8581554804005,0 days 00:00:00.061696,2023-12-19 10:36:08,-97.0,7.5
51.90092468261719,-8.481947898864746,51.892567,-8.508705,2064.3767177648433,0 days 00:00:00.061696,2023-12-19 10:36:02,-106.0,10.2
51.90095138549805,-8.481840133666992,51.892567,-8.508705,2072.333215904639,0 days 00:00:00.061696,2023-12-19 10:35:55,-100.0,9.5
51.9010124206543,-8.48169231414795,51.892567,-8.508705,2084.4697920264693,0 days 00:00:00.061696,2023-12-19 10:35:46,-101.0,9.5
51.90102005004883,-8.481521606445312,51.892567,-8.508705,2095.3395352845587,0 days 00:00:00.066816,2023-12-19 10:35:38,-99.0,9.8
51.90105056762695,-8.481335639953613,51.892567,-8.508705,2108.296673039812,0 days 00:00:00.061696,2023-12-19 10:35:25,-103.0,8.2
51.90108108520508,-8.481219291687012,51.892567,-8.508705,2116.9732959570583,0 days 00:00:00.061696,2023-12-19 10:35:19,-105.0,9.8
51.90114212036133,-8.480951309204102,51.892567,-8.508705,2136.498723213128,0 days 00:00:00.061696,2023-12-19 10:35:13,-105.0,7.0
51.901161193847656,-8.480810165405273,51.892567,-8.508705,2146.135271138803,0 days 00:00:00.061696,2023-12-19 10:34:58,-96.0,9.2
51.90119171142578,-8.48054027557373,51.892567,-8.508705,2164.2759510486526,0 days 00:00:00.061696,2023-12-19 10:34:33,-109.0,9.0
51.90119552612305,-8.480436325073242,51.892567,-8.508705,2170.875719149476,0 days 00:00:00.066816,2023-12-19 10:34:28,-106.0,-1.2
51.9012565612793,-8.480199813842773,51.892567,-8.508705,2188.47137716408,0 days 00:00:00.061696,2023-12-19 10:34:02,-99.0,6.5
51.90142059326172,-8.47996711730957,51.892567,-8.508705,2210.912462383525,0 days 00:00:00.061696,2023-12-19 10:33:57,-100.0,10.2
51.901458740234375,-8.479795455932617,51.892567,-8.508705,2223.3759712210244,0 days 00:00:00.061696,2023-12-19 10:33:37,-99.0,0.2
51.90150451660156,-8.479574203491211,51.892567,-8.508705,2239.274034928543,0 days 00:00:00.061696,2023-12-19 10:33:17,-118.0,-1.2
51.90156555175781,-8.47901439666748,51.892567,-8.508705,2276.822722633522,0 days 00:00:00.061696,2023-12-19 10:32:46,-105.0,4.5
51.90165328979492,-8.478260040283203,51.892567,-8.508705,2327.768053673369,0 days 00:00:00.061696,2023-12-19 10:32:04,-106.0,-2.0
51.90165328979492,-8.47791576385498,51.892567,-8.508705,2349.1263623656873,0 days 00:00:00.061696,2023-12-19 10:31:45,-115.0,4.0
51.901580810546875,-8.477441787719727,51.892567,-8.508705,2375.188655076146,0 days 00:00:00.061696,2023-12-19 10:31:04,-107.0,7.2
51.90158462524414,-8.477436065673828,51.892567,-8.508705,2375.724674925327,0 days 00:00:00.061696,2023-12-19 10:30:44,-96.0,3.0
51.90158462524414,-8.477359771728516,51.892567,-8.508705,2380.483782788693,0 days 00:00:00.061696,2023-12-19 10:30:29,-113.0,0.8
51.90152359008789,-8.477160453796387,51.892567,-8.508705,2390.0884673949595,0 days 00:00:00.061696,2023-12-19 10:30:17,-106.0,8.2
51.90146255493164,-8.476954460144043,51.892567,-8.508705,2400.1708369728576,0 days 00:00:00.066816,2023-12-19 10:30:05,-108.0,7.8
51.90141296386719,-8.476712226867676,51.892567,-8.508705,2413.109306402382,0 days 00:00:00.123392,2023-12-19 10:29:44,-113.0,5.2
51.901363372802734,-8.476534843444824,51.892567,-8.508705,2422.023879167792,0 days 00:00:00.113152,2023-12-19 10:29:32,-113.0,7.2
51.901283264160156,-8.476297378540039,51.892567,-8.508705,2433.413783014902,0 days 00:00:00.113152,2023-12-19 10:29:18,-115.0,-3.0
51.90107727050781,-8.476300239562988,51.892567,-8.508705,2424.193813114866,0 days 00:00:00.123392,2023-12-19 10:29:06,-119.0,1.8
51.901023864746094,-8.476357460021973,51.892567,-8.508705,2418.2529000227823,0 days 00:00:00.113152,2023-12-19 10:28:58,-112.0,7.0
51.90095901489258,-8.47634220123291,51.892567,-8.508705,2416.424205093308,0 days 00:00:00.113152,2023-12-19 10:28:45,-112.0,6.0
51.90087127685547,-8.476304054260254,51.892567,-8.508705,2415.095553714465,0 days 00:00:00.113152,2023-12-19 10:28:32,-116.0,6.2
51.90085220336914,-8.476235389709473,51.892567,-8.508705,2418.6520253543445,0 days 00:00:00.113152,2023-12-19 10:28:26,-119.0,-6.8
51.90066146850586,-8.475412368774414,51.892567,-8.508705,2463.266494298787,0 days 00:00:00.113152,2023-12-19 10:27:40,-116.0,3.5
51.9006462097168,-8.475271224975586,51.892567,-8.508705,2471.690673453391,0 days 00:00:00.113152,2023-12-19 10:27:31,-111.0,6.8
51.8984489440918,-8.472857475280762,51.892567,-8.508705,2553.8544446428964,0 days 00:00:00.061696,2023-12-19 09:50:25,-118.0,-2.0
51.89834976196289,-8.474388122558594,51.892567,-8.508705,2449.274626434759,0 days 00:00:00.061696,2023-12-19 09:48:52,-121.0,-8.0
51.89845275878906,-8.474797248840332,51.892567,-8.508705,2425.189610516351,0 days 00:00:00.061696,2023-12-19 09:47:25,-116.0,-1.0
51.89887237548828,-8.476273536682129,51.892567,-8.508705,2341.099457813285,0 days 00:00:00.061696,2023-12-19 09:45:34,-117.0,-1.0
51.898746490478516,-8.476300239562988,51.892567,-8.508705,2335.187245753615,0 days 00:00:00.061696,2023-12-19 09:44:44,-121.0,-6.0
51.898040771484375,-8.475541114807129,51.892567,-8.508705,2363.73271925208,0 days 00:00:00.061696,2023-12-19 09:42:32,-113.0,1.0
51.89804458618164,-8.47555160522461,51.892567,-8.508705,2363.1446062261,0 days 00:00:00.061696,2023-12-19 09:42:25,-115.0,1.8
51.89809036254883,-8.475578308105469,51.892567,-8.508705,2362.6880132414262,0 days 00:00:00.061696,2023-12-19 09:41:37,-119.0,-3.2
51.8980712890625,-8.476110458374023,51.892567,-8.508705,2326.7926908603235,0 days 00:00:00.061696,2023-12-19 09:41:08,-119.0,1.2
51.89802932739258,-8.476435661315918,51.892567,-8.508705,2303.977953376717,0 days 00:00:00.061696,2023-12-19 09:41:01,-117.0,2.8
51.89792251586914,-8.476774215698242,51.892567,-8.508705,2278.3820322543697,0 days 00:00:00.061696,2023-12-19 09:40:25,-117.0,-3.8
51.89790344238281,-8.476859092712402,51.892567,-8.508705,2272.190711068964,0 days 00:00:00.061696,2023-12-19 09:40:19,-116.0,4.5
51.89788818359375,-8.476947784423828,51.892567,-8.508705,2265.8569331278604,0 days 00:00:00.061696,2023-12-19 09:40:12,-112.0,2.5
51.89787292480469,-8.477222442626953,51.892567,-8.508705,2247.1746008478895,0 days 00:00:00.061696,2023-12-19 09:40:00,-105.0,-8.5
51.89786911010742,-8.47753620147705,51.892567,-8.508705,2226.2395251919675,0 days 00:00:00.061696,2023-12-19 09:39:39,-122.0,-4.2
51.897857666015625,-8.477725982666016,51.892567,-8.508705,2213.312503058244,0 days 00:00:00.061696,2023-12-19 09:39:27,-117.0,-0.2
51.89780807495117,-8.478131294250488,51.892567,-8.508705,2184.964511574601,0 days 00:00:00.061696,2023-12-19 09:39:07,-119.0,-1.0
51.89777755737305,-8.478687286376953,51.892567,-8.508705,2147.203938727861,0 days 00:00:00.061696,2023-12-19 09:38:26,-118.0,-2.2
51.89767074584961,-8.478832244873047,51.892567,-8.508705,2134.412365911816,0 days 00:00:00.061696,2023-12-19 09:38:21,-111.0,4.8
51.89756774902344,-8.47901439666748,51.892567,-8.508705,2119.2990170048397,0 days 00:00:00.061696,2023-12-19 09:38:08,-113.0,-4.5
51.897518157958984,-8.479113578796387,51.892567,-8.508705,2111.2699076716276,0 days 00:00:00.061696,2023-12-19 09:38:02,-109.0,6.2
51.897335052490234,-8.479180335998535,51.892567,-8.508705,2101.605197593205,0 days 00:00:00.061696,2023-12-19 09:37:41,-121.0,-4.0
51.897308349609375,-8.479154586791992,51.892567,-8.508705,2102.572598098295,0 days 00:00:00.061696,2023-12-19 09:37:35,-119.0,-6.0
51.89726257324219,-8.478778839111328,51.892567,-8.508705,2126.3514747303616,0 days 00:00:00.061696,2023-12-19 09:36:36,-123.0,-7.0
51.897239685058594,-8.478878021240234,51.892567,-8.508705,2119.1116413346463,0 days 00:00:00.061696,2023-12-19 09:35:58,-121.0,-5.5
51.89703369140625,-8.478976249694824,51.892567,-8.508705,2107.0415169151806,0 days 00:00:00.061696,2023-12-19 09:29:27,-118.0,-7.0
51.89686965942383,-8.478889465332031,51.892567,-8.508705,2108.6296560246697,0 days 00:00:00.061696,2023-12-19 09:29:20,-119.0,-1.2
51.89673614501953,-8.478903770446777,51.892567,-8.508705,2104.3495503123286,0 days 00:00:00.061696,2023-12-19 09:28:58,-123.0,-2.2
51.897151947021484,-8.479002952575684,51.892567,-8.508705,2108.3985068662128,0 days 00:00:00.061696,2023-12-19 09:25:32,-117.0,-3.5
51.89729690551758,-8.47907829284668,51.892567,-8.508705,2107.336127698095,0 days 00:00:00.061696,2023-12-19 09:25:18,-121.0,-1.0
51.897640228271484,-8.478379249572754,51.892567,-8.508705,2163.584408939184,0 days 00:00:00.061696,2023-12-19 09:24:35,-112.0,-0.5
51.89767837524414,-8.478132247924805,51.892567,-8.508705,2181.0968822704776,0 days 00:00:00.061696,2023-12-19 09:24:21,-113.0,3.0
51.897705078125,-8.478046417236328,51.892567,-8.508705,2187.5725687124636,0 days 00:00:00.061696,2023-12-19 09:24:07,-117.0,0.2
51.897727966308594,-8.477948188781738,51.892567,-8.508705,2194.761314238489,0 days 00:00:00.061696,2023-12-19 09:24:01,-113.0,3.2
51.897762298583984,-8.477825164794922,51.892567,-8.508705,2203.930178188418,0 days 00:00:00.061696,2023-12-19 09:23:54,-115.0,0.2
51.89777755737305,-8.477323532104492,51.892567,-8.508705,2237.6937591865135,0 days 00:00:00.061696,2023-12-19 09:23:30,-115.0,2.0
51.89775848388672,-8.477018356323242,51.892567,-8.508705,2257.4375980472323,0 days 00:00:00.061696,2023-12-19 09:23:13,-106.0,5.8
51.89778518676758,-8.476800918579102,51.892567,-8.508705,2272.6603858134663,0 days 00:00:00.061696,2023-12-19 09:23:08,-119.0,-6.8
51.89784240722656,-8.476621627807617,51.892567,-8.508705,2286.214512250769,0 days 00:00:00.061696,2023-12-19 09:22:49,-123.0,1.5
51.897865295410156,-8.476513862609863,51.892567,-8.508705,2294.0342919463524,0 days 00:00:00.061696,2023-12-19 09:22:42,-115.0,5.2
51.89790344238281,-8.476308822631836,51.892567,-8.508705,2308.7585516249865,0 days 00:00:00.061696,2023-12-19 09:22:36,-103.0,-7.8
51.8978271484375,-8.475804328918457,51.892567,-8.508705,2340.185383506482,0 days 00:00:00.061696,2023-12-19 09:22:09,-121.0,-1.2
51.897789001464844,-8.475334167480469,51.892567,-8.508705,2370.4792636385523,0 days 00:00:00.061696,2023-12-19 09:21:42,-120.0,0.8
51.897823333740234,-8.475292205810547,51.892567,-8.508705,2374.2158894271274,0 days 00:00:00.061696,2023-12-19 09:21:35,-116.0,2.0
51.897918701171875,-8.47533130645752,51.892567,-8.508705,2374.2450641752666,0 days 00:00:00.061696,2023-12-19 09:21:23,-119.0,-6.8
51.89809036254883,-8.475532531738281,51.892567,-8.508705,2365.7295354967823,0 days 00:00:00.061696,2023-12-19 09:20:43,-119.0,-1.2
51.898258209228516,-8.475607872009277,51.892567,-8.508705,2365.650218581925,0 days 00:00:00.061696,2023-12-19 09:20:29,-123.0,-5.2
51.89838790893555,-8.475630760192871,51.892567,-8.508705,2368.035876316913,0 days 00:00:00.061696,2023-12-19 09:20:21,-121.0,-4.5
51.89866638183594,-8.475709915161133,51.892567,-8.508705,2371.4711317257083,0 days 00:00:00.061696,2023-12-19 09:19:02,-121.0,-6.0
51.89869689941406,-8.4757080078125,51.892567,-8.508705,2372.5700398951944,0 days 00:00:00.061696,2023-12-19 09:18:25,-117.0,-8.5
51.89878845214844,-8.47601318359375,51.892567,-8.508705,2355.437172072603,0 days 00:00:00.061696,2023-12-19 09:16:37,-121.0,-6.8
51.89886474609375,-8.476293563842773,51.892567,-8.508705,2339.53061352847,0 days 00:00:00.061696,2023-12-19 09:15:32,-129.0,-6.8
51.898799896240234,-8.476369857788086,51.892567,-8.508705,2332.3685208188567,0 days 00:00:00.061696,2023-12-19 09:13:45,-118.0,-4.5
51.8988037109375,-8.476430892944336,51.892567,-8.508705,2328.4855590179686,0 days 00:00:00.061696,2023-12-19 09:13:37,-122.0,-7.2
51.89791488647461,-8.478365898132324,51.892567,-8.508705,2172.6351841243045,0 days 00:00:00.061696,2023-12-19 09:09:58,-117.0,-0.2
51.89757537841797,-8.483794212341309,51.892567,-8.508705,1804.3381523218154,0 days 00:00:00.061696,2023-12-19 09:08:27,-122.0,-2.8
51.89738464355469,-8.484259605407715,51.892567,-8.508705,1767.3701248951331,0 days 00:00:00.061696,2023-12-19 09:08:21,-115.0,4.5
51.89719009399414,-8.485005378723145,51.892567,-8.508705,1711.93579478494,0 days 00:00:00.061696,2023-12-19 09:08:07,-109.0,6.2
51.897178649902344,-8.485071182250977,51.892567,-8.508705,1707.2365335988318,0 days 00:00:00.061696,2023-12-19 09:08:00,-115.0,5.2
51.896881103515625,-8.48635196685791,51.892567,-8.508705,1613.2832151492998,0 days 00:00:00.066816,2023-12-19 09:07:48,-118.0,5.0
51.896392822265625,-8.488990783691406,51.892567,-8.508705,1423.8865942192176,0 days 00:00:00.061696,2023-12-19 09:07:35,-111.0,-2.8
51.895530700683594,-8.489279747009277,51.892567,-8.508705,1378.9222091060774,0 days 00:00:00.066816,2023-12-19 09:07:27,-112.0,-2.0
51.89534378051758,-8.488808631896973,51.892567,-8.508705,1405.6811454142785,0 days 00:00:00.061696,2023-12-19 09:07:15,-106.0,9.8
51.8924560546875,-8.489827156066895,51.892567,-8.508705,1301.380251239996,0 days 00:00:00.061696,2023-12-19 09:05:48,-119.0,-2.8
51.892372131347656,-8.490187644958496,51.892567,-8.508705,1276.7236511800666,0 days 00:00:00.061696,2023-12-19 09:05:40,-117.0,0.8
51.892208099365234,-8.491124153137207,51.892567,-8.508705,1212.8213942832858,0 days 00:00:00.061696,2023-12-19 09:05:26,-116.0,-1.0
51.892059326171875,-8.492925643920898,51.892567,-8.508705,1089.8223648272528,0 days 00:00:00.061696,2023-12-19 09:04:44,-116.0,-3.8
51.89134979248047,-8.496599197387695,51.892567,-8.508705,846.9893037869905,0 days 00:00:00.061696,2023-12-19 09:04:09,-110.0,4.8
51.891117095947266,-8.49753189086914,51.892567,-8.508705,788.780845844515,0 days 00:00:00.061696,2023-12-19 09:04:01,-119.0,3.8
51.89112854003906,-8.497543334960938,51.892567,-8.508705,787.7527890386322,0 days 00:00:00.061696,2023-12-19 09:03:47,-108.0,7.2
51.89110565185547,-8.497593879699707,51.892567,-8.508705,784.8827487254124,0 days 00:00:00.061696,2023-12-19 09:03:24,-116.0,5.0
51.890899658203125,-8.49849796295166,51.892567,-8.508705,729.8474828019214,0 days 00:00:00.061696,2023-12-19 09:03:18,-115.0,6.0
51.89046859741211,-8.49963665008545,51.892567,-8.508705,669.8901780094271,0 days 00:00:00.061696,2023-12-19 09:03:13,-123.0,-5.3
51.890281677246094,-8.49995231628418,51.892567,-8.508705,657.4470546433756,0 days 00:00:00.061696,2023-12-19 09:03:00,-106.0,8.8
51.89019012451172,-8.500054359436035,51.892567,-8.508705,655.0608679699023,0 days 00:00:00.061696,2023-12-19 09:02:53,-115.0,-4.0
51.89018249511719,-8.500024795532227,51.892567,-8.508705,657.254055111513,0 days 00:00:00.061696,2023-12-19 09:02:44,-99.0,8.5
51.890140533447266,-8.50002670288086,51.892567,-8.508705,659.0337838658538,0 days 00:00:00.061696,2023-12-19 09:02:35,-105.0,9.5
51.89012908935547,-8.499995231628418,51.892567,-8.508705,661.519743164726,0 days 00:00:00.066816,2023-12-19 09:02:17,-98.0,9.5
51.89012908935547,-8.499958038330078,51.892567,-8.508705,663.8415577423826,0 days 00:00:00.061696,2023-12-19 09:01:47,-98.0,8.2
51.89020538330078,-8.500016212463379,51.892567,-8.508705,656.7681765469167,0 days 00:00:00.061696,2023-12-19 08:59:18,-97.0,7.2
51.89021682739258,-8.500041961669922,51.892567,-8.508705,654.6443309622512,0 days 00:00:00.061696,2023-12-19 08:57:58,-99.0,9.8
51.890220642089844,-8.500049591064453,51.892567,-8.508705,653.9962879551298,0 days 00:00:00.061696,2023-12-19 08:57:52,-100.0,7.5
51.89023971557617,-8.500042915344238,51.892567,-8.508705,653.5712131391068,0 days 00:00:00.061696,2023-12-19 08:57:20,-95.0,10.0
51.8902473449707,-8.500115394592285,51.892567,-8.508705,648.6833824567362,0 days 00:00:00.061696,2023-12-19 08:51:57,-99.0,10.2
51.89023208618164,-8.500099182128906,51.892567,-8.508705,650.3774234739917,0 days 00:00:00.061696,2023-12-19 08:51:40,-100.0,9.0
51.890201568603516,-8.500078201293945,51.892567,-8.508705,653.0547020498024,0 days 00:00:00.061696,2023-12-19 08:51:25,-98.0,11.0
51.89020538330078,-8.500079154968262,51.892567,-8.508705,652.8240147751699,0 days 00:00:00.061696,2023-12-19 08:51:09,-100.0,7.0
51.89021301269531,-8.500102996826172,51.892567,-8.508705,650.9892575030403,0 days 00:00:00.061696,2023-12-19 08:50:57,-101.0,9.8
51.89020538330078,-8.500110626220703,51.892567,-8.508705,650.8537893695722,0 days 00:00:00.061696,2023-12-19 08:50:41,-101.0,8.5
51.89020538330078,-8.500109672546387,51.892567,-8.508705,650.9134748321932,0 days 00:00:00.061696,2023-12-19 08:50:31,-91.0,10.0
51.89020538330078,-8.50011157989502,51.892567,-8.508705,650.7941050569767,0 days 00:00:00.061696,2023-12-19 08:50:17,-88.0,9.8
51.89021682739258,-8.500123977661133,51.892567,-8.508705,649.5045538080575,0 days 00:00:00.061696,2023-12-19 08:49:49,-95.0,10.2
51.89024353027344,-8.500090599060059,51.892567,-8.508705,650.4085071059412,0 days 00:00:00.061696,2023-12-19 08:49:40,-111.0,3.8
51.89033508300781,-8.499959945678711,51.892567,-8.508705,654.6883730389372,0 days 00:00:00.061696,2023-12-19 08:49:30,-101.0,8.8
51.890377044677734,-8.499885559082031,51.892567,-8.508705,657.6563558585366,0 days 00:00:00.061696,2023-12-19 08:49:23,-91.0,9.8
51.888572692871094,-8.499155044555664,51.892567,-8.508705,796.4118269787259,0 days 00:00:00.061696,2023-12-19 08:46:34,-109.0,3.0
51.88823699951172,-8.49924373626709,51.892567,-8.508705,812.9439928442513,0 days 00:00:00.061696,2023-12-19 08:46:13,-101.0,8.8
51.888038635253906,-8.499282836914062,51.892567,-8.508705,824.0958956327283,0 days 00:00:00.061696,2023-12-19 08:45:53,-105.0,9.5
51.88795471191406,-8.499327659606934,51.892567,-8.508705,827.4283930966064,0 days 00:00:00.061696,2023-12-19 08:45:47,-95.0,7.2
51.88787078857422,-8.499483108520508,51.892567,-8.508705,824.9884970071453,0 days 00:00:00.061696,2023-12-19 08:45:37,-107.0,7.8
51.88777542114258,-8.499594688415527,51.892567,-8.508705,825.9015459135055,0 days 00:00:00.061696,2023-12-19 08:45:24,-100.0,-2.0
51.887752532958984,-8.499634742736816,51.892567,-8.508705,825.4598311108409,0 days 00:00:00.061696,2023-12-19 08:45:18,-94.0,7.5
51.887569427490234,-8.49970531463623,51.892567,-8.508705,835.2146393177072,0 days 00:00:00.066816,2023-12-19 08:45:06,-97.0,10.2
51.88751983642578,-8.49973201751709,51.892567,-8.508705,837.5416413619748,0 days 00:00:00.061696,2023-12-19 08:44:59,-94.0,9.5
51.88738250732422,-8.499755859375,51.892567,-8.508705,846.6681662212559,0 days 00:00:00.061696,2023-12-19 08:44:46,-89.0,-5.5
51.887332916259766,-8.499759674072266,51.892567,-8.508705,850.2471297556718,0 days 00:00:00.061696,2023-12-19 08:44:40,-104.0,8.2
51.88718795776367,-8.499733924865723,51.892567,-8.508705,862.6436910282711,0 days 00:00:00.061696,2023-12-19 08:44:28,-83.0,7.0
51.887001037597656,-8.499539375305176,51.892567,-8.508705,886.6835047587027,0 days 00:00:00.061696,2023-12-19 08:44:14,-86.0,9.2
51.88690948486328,-8.499373435974121,51.892567,-8.508705,901.9301044949095,0 days 00:00:00.061696,2023-12-19 08:44:01,-89.0,9.2
51.88685607910156,-8.499308586120605,51.892567,-8.508705,909.2586875754065,0 days 00:00:00.061696,2023-12-19 08:43:55,-79.0,9.0
51.88673782348633,-8.499174118041992,51.892567,-8.508705,925.0463150302202,0 days 00:00:00.061696,2023-12-19 08:43:44,-97.0,9.8
51.886688232421875,-8.499131202697754,51.892567,-8.508705,931.0130108788679,0 days 00:00:00.061696,2023-12-19 08:43:33,-91.0,7.0
51.88662338256836,-8.499149322509766,51.892567,-8.508705,935.2188834326672,0 days 00:00:00.061696,2023-12-19 08:43:26,-94.0,9.0
51.88663864135742,-8.499126434326172,51.892567,-8.508705,935.1296084664524,0 days 00:00:00.061696,2023-12-19 08:42:52,-105.0,8.2
51.88664245605469,-8.499102592468262,51.892567,-8.508705,935.9888795146039,0 days 00:00:00.061696,2023-12-19 08:42:45,-101.0,5.0
51.886653900146484,-8.4990873336792,51.892567,-8.508705,935.8354748713633,0 days 00:00:00.061696,2023-12-19 08:42:20,-116.0,-7.5
51.886619567871094,-8.499032020568848,51.892567,-8.508705,941.2157328954187,0 days 00:00:00.066816,2023-12-19 08:41:54,-100.0,6.2
51.88661193847656,-8.499019622802734,51.892567,-8.508705,942.41652929063,0 days 00:00:00.061696,2023-12-19 08:41:48,-93.0,9.5
51.88652801513672,-8.50190258026123,51.892567,-8.508705,821.7704617481568,0 days 00:00:00.066816,2023-12-19 08:35:13,-100.0,8.8
51.88658142089844,-8.501988410949707,51.892567,-8.508705,813.5455422611532,0 days 00:00:00.061696,2023-12-19 08:35:06,-103.0,5.2
51.88667678833008,-8.502087593078613,51.892567,-8.508705,800.978369814255,0 days 00:00:00.061696,2023-12-19 08:35:01,-99.0,4.5
51.886802673339844,-8.50220012664795,51.892567,-8.508705,785.1136230998551,0 days 00:00:00.061696,2023-12-19 08:34:48,-97.0,6.8
51.887020111083984,-8.502420425415039,51.892567,-8.508705,756.7031206145087,0 days 00:00:00.061696,2023-12-19 08:34:27,-112.0,10.5
51.887237548828125,-8.502586364746094,51.892567,-8.508705,730.4557604833874,0 days 00:00:00.061696,2023-12-19 08:34:13,-98.0,1.2
51.88734436035156,-8.5027437210083,51.892567,-8.508705,714.5643905659263,0 days 00:00:00.061696,2023-12-19 08:34:08,-103.0,8.5
51.88766860961914,-8.503067970275879,51.892567,-8.508705,672.4196793723738,0 days 00:00:00.061696,2023-12-19 08:33:34,-107.0,6.5
51.88778305053711,-8.503145217895508,51.892567,-8.508705,659.0376398158662,0 days 00:00:00.061696,2023-12-19 08:33:20,-113.0,3.0
51.88792037963867,-8.503206253051758,51.892567,-8.508705,644.2808784426272,0 days 00:00:00.061696,2023-12-19 08:33:15,-111.0,5.0
51.888004302978516,-8.503278732299805,51.892567,-8.508705,633.858267025859,0 days 00:00:00.061696,2023-12-19 08:33:02,-100.0,7.2
51.88825988769531,-8.503425598144531,51.892567,-8.508705,605.1925838082415,0 days 00:00:00.061696,2023-12-19 08:32:29,-113.0,3.8
51.88826370239258,-8.503422737121582,51.892567,-8.508705,604.9749083255075,0 days 00:00:00.061696,2023-12-19 08:32:23,-103.0,1.8
51.88833999633789,-8.503561019897461,51.892567,-8.508705,592.5401642803387,0 days 00:00:00.061696,2023-12-19 08:31:42,-103.0,2.0
51.88835144042969,-8.503567695617676,51.892567,-8.508705,591.2549237216654,0 days 00:00:00.061696,2023-12-19 08:31:35,-105.0,10.2
51.888633728027344,-8.503738403320312,51.892567,-8.508705,559.4003528725245,0 days 00:00:00.061696,2023-12-19 08:31:15,-109.0,7.5
51.88875198364258,-8.503752708435059,51.892567,-8.508705,548.5548680800174,0 days 00:00:00.061696,2023-12-19 08:31:09,-103.0,8.8
51.88896942138672,-8.503796577453613,51.892567,-8.508705,528.1172850604578,0 days 00:00:00.061696,2023-12-19 08:30:42,-109.0,5.2
51.888999938964844,-8.503928184509277,51.892567,-8.508705,519.7687803010582,0 days 00:00:00.066816,2023-12-19 08:30:37,-106.0,8.0
51.88903045654297,-8.504145622253418,51.892567,-8.508705,507.79333810886925,0 days 00:00:00.061696,2023-12-19 08:30:18,-102.0,7.0
51.88906478881836,-8.504364967346191,51.892567,-8.508705,495.5909042306291,0 days 00:00:00.061696,2023-12-19 08:30:08,-103.0,8.5
51.889102935791016,-8.50458812713623,51.892567,-8.508705,483.08960992280964,0 days 00:00:00.061696,2023-12-19 08:30:01,-110.0,1.5
51.88908386230469,-8.504668235778809,51.892567,-8.508705,481.58096457834495,0 days 00:00:00.061696,2023-12-19 08:29:55,-103.0,6.8
51.889041900634766,-8.505043029785156,51.892567,-8.508705,471.04674740976156,0 days 00:00:00.061696,2023-12-19 08:29:32,-101.0,7.0
51.889068603515625,-8.505273818969727,51.892567,-8.508705,460.2219984273651,0 days 00:00:00.061696,2023-12-19 08:29:23,-100.0,9.8
51.88912582397461,-8.505866050720215,51.892567,-8.508705,435.0727933316859,0 days 00:00:00.066816,2023-12-19 08:28:56,-101.0,4.8
51.8891487121582,-8.506072998046875,51.892567,-8.508705,426.58933487903596,0 days 00:00:00.061696,2023-12-19 08:28:50,-107.0,8.0
51.88916015625,-8.50623893737793,51.892567,-8.508705,420.7159510596673,0 days 00:00:00.061696,2023-12-19 08:28:35,-111.0,5.8
51.889076232910156,-8.506523132324219,51.892567,-8.508705,421.7910564296832,0 days 00:00:00.061696,2023-12-19 08:28:11,-85.0,6.5
51.8890495300293,-8.506528854370117,51.892567,-8.508705,424.3893312793029,0 days 00:00:00.061696,2023-12-19 08:27:50,-88.0,8.5
51.889060974121094,-8.50662612915039,51.892567,-8.508705,420.8912776642132,0 days 00:00:00.061696,2023-12-19 08:27:23,-99.0,9.5
51.88908004760742,-8.506661415100098,51.892567,-8.508705,418.1013814814708,0 days 00:00:00.061696,2023-12-19 08:27:18,-94.0,7.0
51.88908767700195,-8.506690979003906,51.892567,-8.508705,416.63200379861075,0 days 00:00:00.061696,2023-12-19 08:27:11,-94.0,11.2
51.88679885864258,-8.506756782531738,51.892567,-8.508705,659.0740494797965,0 days 00:00:00.061696,2023-12-19 08:24:22,-89.0,7.3
51.886512756347656,-8.50676441192627,51.892567,-8.508705,690.0088225072266,0 days 00:00:00.061696,2023-12-19 08:24:16,-97.0,9.8
51.88604736328125,-8.506776809692383,51.892567,-8.508705,740.4930517946456,0 days 00:00:00.061696,2023-12-19 08:24:10,-95.0,8.2
51.88555908203125,-8.506856918334961,51.892567,-8.508705,792.886443056309,0 days 00:00:00.066816,2023-12-19 08:24:04,-107.0,8.2
51.88468933105469,-8.506987571716309,51.892567,-8.508705,886.9843188656421,0 days 00:00:00.061696,2023-12-19 08:23:58,-101.0,6.8
51.884456634521484,-8.507028579711914,51.892567,-8.508705,912.21675052946,0 days 00:00:00.061696,2023-12-19 08:23:51,-105.0,-3.2
51.88414764404297,-8.50715160369873,51.892567,-8.508705,945.2443632256312,0 days 00:00:00.061696,2023-12-19 08:23:17,-113.0,5.8
51.883846282958984,-8.5072603225708,51.892567,-8.508705,977.6955974812688,0 days 00:00:00.061696,2023-12-19 08:23:11,-106.0,5.8
51.882545471191406,-8.50889778137207,51.892567,-8.508705,1117.1375233891622,0 days 00:00:00.061696,2023-12-19 08:22:50,-115.0,8.0
51.882259368896484,-8.509565353393555,51.892567,-8.508705,1150.3622671822986,0 days 00:00:00.061696,2023-12-19 08:22:43,-115.0,3.5
51.88209533691406,-8.510038375854492,51.892567,-8.508705,1170.6617708524245,0 days 00:00:00.061696,2023-12-19 08:22:37,-111.0,3.2
51.88203048706055,-8.510129928588867,51.892567,-8.508705,1178.3514853539407,0 days 00:00:00.061696,2023-12-19 08:22:30,-121.0,-2.8
51.88194274902344,-8.510309219360352,51.892567,-8.508705,1189.1473293457282,0 days 00:00:00.061696,2023-12-19 08:22:10,-111.0,0.1
51.88200378417969,-8.510392189025879,51.892567,-8.508705,1182.943954387603,0 days 00:00:00.061696,2023-12-19 08:22:02,-116.0,0.2
51.88315963745117,-8.508116722106934,51.892567,-8.508705,1049.6361553601932,0 days 00:00:00.061696,2023-12-19 08:20:56,-110.0,-11.7
51.8831672668457,-8.508113861083984,51.892567,-8.508705,1048.7972617407834,0 days 00:00:00.061696,2023-12-19 08:20:42,-111.0,5.5
51.88343811035156,-8.50805377960205,51.892567,-8.508705,1018.9222487132466,0 days 00:00:00.061696,2023-12-19 08:20:27,-114.0,-4.75
51.8834228515625,-8.507612228393555,51.892567,-8.508705,1022.4014107984328,0 days 00:00:00.061696,2023-12-19 08:20:21,-110.0,8.5
51.88329315185547,-8.507460594177246,51.892567,-8.508705,1037.5730780767362,0 days 00:00:00.061696,2023-12-19 08:20:15,-111.0,2.2
51.88298797607422,-8.507601737976074,51.892567,-8.508705,1070.614053253075,0 days 00:00:00.061696,2023-12-19 08:20:01,-117.0,3.2
51.8824462890625,-8.507370948791504,51.892567,-8.508705,1131.8075902163303,0 days 00:00:00.061696,2023-12-19 08:19:47,-111.0,2.25
51.88223648071289,-8.507085800170898,51.892567,-8.508705,1156.763025133579,0 days 00:00:00.061696,2023-12-19 08:19:41,-109.0,4.2
51.8817024230957,-8.506848335266113,51.892567,-8.508705,1217.4346107285903,0 days 00:00:00.061696,2023-12-19 08:19:26,-114.0,-4.75
51.8808708190918,-8.506579399108887,51.892567,-8.508705,1311.2939603158352,0 days 00:00:00.061696,2023-12-19 08:19:12,-106.0,9.0
51.880714416503906,-8.506521224975586,51.892567,-8.508705,1329.0134379788976,0 days 00:00:00.061696,2023-12-19 08:18:54,-111.0,7.2
51.88041305541992,-8.50637435913086,51.892567,-8.508705,1363.4456996319518,0 days 00:00:00.066816,2023-12-19 08:18:47,-106.0,0.5
51.8795051574707,-8.506101608276367,51.892567,-8.508705,1465.8726612442301,0 days 00:00:00.113152,2023-12-19 08:18:42,-98.0,10.0
51.87894821166992,-8.505987167358398,51.892567,-8.508705,1528.2773146386942,0 days 00:00:00.113152,2023-12-19 08:18:13,-111.0,2.2
51.8788948059082,-8.50597095489502,51.892567,-8.508705,1534.305805198669,0 days 00:00:00.123392,2023-12-19 08:18:07,-113.0,8.8
51.876861572265625,-8.505925178527832,51.892567,-8.508705,1759.1943448003196,0 days 00:00:00.905216,2023-12-19 08:18:01,-110.0,8.2
